{
    "LogisticRegression": {
        "accuracy": 0.8028846153846154,
        "precision": 0.8037018377567454,
        "recall": 0.8028846153846154,
        "f1_score": 0.7979719187262071
    },
    "SVM": {
        "accuracy": 0.8181089743589743,
        "precision": 0.8191011029293543,
        "recall": 0.8181089743589743,
        "f1_score": 0.8155554135147474
    },
    "DecisionTree": {
        "accuracy": 0.7483974358974359,
        "precision": 0.7486148784153227,
        "recall": 0.7483974358974359,
        "f1_score": 0.7481289836678336
    },
    "RandomForest": {
        "accuracy": 0.8197115384615384,
        "precision": 0.8195752906124795,
        "recall": 0.8197115384615384,
        "f1_score": 0.8180252365017087
    },
    "XGBoost": {
        "accuracy": 0.8125,
        "precision": 0.8124739649206483,
        "recall": 0.8125,
        "f1_score": 0.8115322589769638
    }
}