{
    "Logistic Regression": {
        "accuracy": 0.8052884615384616,
        "precision": 0.8074857707760906,
        "recall": 0.8052884615384616,
        "f1_score": 0.8028504267826665,
        "cv_f1_mean": 0.8013799953575977,
        "cv_f1_std": 0.00800752924500917
    },
    "SVM": {
        "accuracy": 0.8197115384615384,
        "precision": 0.8218005201227794,
        "recall": 0.8197115384615384,
        "f1_score": 0.8180156226093216,
        "cv_f1_mean": 0.8076371885351674,
        "cv_f1_std": 0.0083993185532854
    },
    "Decision Tree": {
        "accuracy": 0.7411858974358975,
        "precision": 0.7416111680510453,
        "recall": 0.7411858974358975,
        "f1_score": 0.7409724700472018,
        "cv_f1_mean": 0.7445831127427571,
        "cv_f1_std": 0.004308590920806842
    },
    "Random Forest": {
        "accuracy": 0.8253205128205128,
        "precision": 0.8265866426114639,
        "recall": 0.8253205128205128,
        "f1_score": 0.8245826783341786,
        "cv_f1_mean": 0.8167452241386466,
        "cv_f1_std": 0.010550955202720884
    },
    "XGBoost": {
        "accuracy": 0.8100961538461539,
        "precision": 0.8109797849078629,
        "recall": 0.8100961538461539,
        "f1_score": 0.80988050522917,
        "cv_f1_mean": 0.808099068958942,
        "cv_f1_std": 0.0021713314751029135
    }
}